name,map,sights,description,images
ad,ad,ad,ad,ad
ad,ad,ad,ad,ad
ad,ad,ad,ad,ad
ad,ad,ad,ad,ad
ad,ad,ad,ad,ad
ad,ad,ad,ad,ad
ad,ad,ad,ad,ad
ad,ad,ad,ad,ad
ad,ad,ad,ad,ad
ad,ad,ad,ad,ad
ad,ad,ad,ad,ad
ad,ad,ad,ad,ad
ad,ad,ad,ad,ad
ad,ad,ad,ad,ad
ad,ad,ad,ad,ad
ad,ad,ad,ad,ad
ad,ad,ad,ad,ad
ad,ad,ad,ad,ad
ad,ad,ad,ad,ad
ad,ad,ad,ad,ad
ad,ad,ad,ad,ad
ad,ad,ad,ad,ad
ad,ad,ad,ad,ad
ad,ad,ad,ad,ad
ad,ad,ad,ad,ad
ad,ad,ad,ad,ad
ad,ad,ad,ad,ad
ad,ad,ad,ad,ad
ad,ad,ad,ad,ad
ad,ad,ad,ad,ad
ad,ad,ad,ad,ad
ad,ad,ad,ad,ad
ad,ad,ad,ad,ad
ad,ad,ad,ad,ad
ad,ad,ad,ad,ad
ad,ad,ad,ad,ad
ad,ad,ad,ad,ad
ad,ad,ad,ad,ad
ad,ad,ad,ad,ad
ad,ad,ad,ad,ad
ad,ad,ad,ad,ad
ad,ad,ad,ad,ad
ad,ad,ad,ad,ad
ad,ad,ad,ad,ad
ad,ad,ad,ad,ad
ad,ad,ad,ad,ad
ad,ad,ad,ad,ad
ad,ad,ad,ad,ad
ad,ad,ad,ad,ad
ad,ad,ad,ad,ad
ad,ad,ad,ad,ad
ad,ad,ad,ad,ad
ad,ad,ad,ad,ad
ad,ad,ad,ad,ad
ad,ad,ad,ad,ad
ad,ad,ad,ad,ad
ad,ad,ad,ad,ad
ad,ad,ad,ad,ad
ad,ad,ad,ad,ad
ad,ad,ad,ad,ad
ad,ad,ad,ad,ad
ad,ad,ad,ad,ad
ad,ad,ad,ad,ad
ad,ad,ad,ad,ad
ad,ad,ad,ad,ad
ad,ad,ad,ad,ad
ad,ad,ad,ad,ad
ad,ad,ad,ad,ad
ad,ad,ad,ad,ad
ad,ad,ad,ad,ad
ad,ad,ad,ad,ad
ad,ad,ad,ad,ad
ad,ad,ad,ad,ad
ad,ad,ad,ad,ad
ad,ad,ad,ad,ad
ad,ad,ad,ad,ad
ad,ad,ad,ad,ad
ad,ad,ad,ad,ad
ad,ad,ad,ad,ad
ad,ad,ad,ad,ad
ad,ad,ad,ad,ad
ad,ad,ad,ad,ad
ad,ad,ad,ad,ad
ad,ad,ad,ad,ad
ad,ad,ad,ad,ad
ad,ad,ad,ad,ad
ad,ad,ad,ad,ad
ad,ad,ad,ad,ad
ad,ad,ad,ad,ad
ad,ad,ad,ad,ad
ad,ad,ad,ad,ad
ad,ad,ad,ad,ad
ad,ad,ad,ad,ad
ad,ad,ad,ad,ad
ad,ad,ad,ad,ad
ad,ad,ad,ad,ad
ad,ad,ad,ad,ad
ad,ad,ad,ad,ad
ad,ad,ad,ad,ad
ad,ad,ad,ad,ad
ad,ad,ad,ad,ad
ad,ad,ad,ad,ad
